{"deviceType":"phone","checkEntry":"true","localPropertiesPath":"/Users/ethylene/Learning/2023Fall/Required/MISE/hw/project/Frontend/Ref/HttpsRequest/local.properties","PATH":"/Users/ethylene/nodejs/bin/","note":"false","aceProfilePath":"/Users/ethylene/Learning/2023Fall/Required/MISE/hw/project/Frontend/Ref/HttpsRequest/entry/.preview/default/intermediates/res/default/resources/base/profile","isPreview":"true","hapMode":"false","buildMode":"debug","img2bin":"true","projectProfilePath":"/Users/ethylene/Learning/2023Fall/Required/MISE/hw/project/Frontend/Ref/HttpsRequest/build-profile.json5","watchMode":"true","appResource":"/Users/ethylene/Learning/2023Fall/Required/MISE/hw/project/Frontend/Ref/HttpsRequest/entry/.preview/default/intermediates/res/default/ResourceTable.txt","logLevel":"3","stageRouterConfig":{"contents":["{\"module\":{\"pages\":\"$profile:main_pages\",\"name\":\"entry\"}}","{\"src\":[\"pages/WebPage\"]}"],"paths":["/Users/ethylene/Learning/2023Fall/Required/MISE/hw/project/Frontend/Ref/HttpsRequest/entry/.preview/default/intermediates/res/default/module.json","/Users/ethylene/Learning/2023Fall/Required/MISE/hw/project/Frontend/Ref/HttpsRequest/entry/.preview/default/intermediates/res/default/resources/base/profile/main_pages.json"]},"port":"29911","aceBuildJson":"/Users/ethylene/Learning/2023Fall/Required/MISE/hw/project/Frontend/Ref/HttpsRequest/entry/.preview/default/intermediates/loader/default/loader.json","aceModuleRoot":"/Users/ethylene/Learning/2023Fall/Required/MISE/hw/project/Frontend/Ref/HttpsRequest/entry/src/main/ets","aceSoPath":"/Users/ethylene/Learning/2023Fall/Required/MISE/hw/project/Frontend/Ref/HttpsRequest/entry/.preview/cache/nativeDependencies.txt","cachePath":"/Users/ethylene/Learning/2023Fall/Required/MISE/hw/project/Frontend/Ref/HttpsRequest/entry/.preview/cache","aceModuleBuild":"/Users/ethylene/Learning/2023Fall/Required/MISE/hw/project/Frontend/Ref/HttpsRequest/entry/.preview/default/intermediates/assets/default/ets","aceSuperVisualPath":"/Users/ethylene/Learning/2023Fall/Required/MISE/hw/project/Frontend/Ref/HttpsRequest/entry/src/main/supervisual","aceModuleJsonPath":"/Users/ethylene/Learning/2023Fall/Required/MISE/hw/project/Frontend/Ref/HttpsRequest/entry/.preview/default/intermediates/res/default/module.json"}