{"APP_RESOURCES":"/Users/ethylene/Learning/2023Fall/Required/MISE/hw/project/Frontend/Ref/HttpsRequest/AppScope/resources","MODULE_RESOURCES":"{\"/Users/ethylene/Learning/2023Fall/Required/MISE/hw/project/Frontend/Ref/HttpsRequest/entry/src/main/resources\":\"module_compiled\"}","HAR_RESOURCES":"{}","PREVIEW_GENERATE_SOURCE_DIR":"/Users/ethylene/Learning/2023Fall/Required/MISE/hw/project/Frontend/Ref/HttpsRequest/entry/.preview/default/generated/r/default","PREVIEW_COMPILE_MODULE_NAMES":"entry"}
