{"/Users/ethylene/Learning/2023Fall/Required/MISE/hw/project/Frontend/Ref/HttpsRequest/AppScope/app.json5":{"hashValue":"34f62d08ecf1a4eb6cdcc8c25ed18f01","name":"app.json5","path":"/Users/ethylene/Learning/2023Fall/Required/MISE/hw/project/Frontend/Ref/HttpsRequest/AppScope/app.json5","type":"file","isSymbolicLink":false,"fileMetaData":{"size":209,"lastModifiedTime":1696578521346}},"/Users/ethylene/Learning/2023Fall/Required/MISE/hw/project/Frontend/Ref/HttpsRequest/entry/src/main/module.json5":{"hashValue":"49b45df9c64db246b123d81903ea4edf","name":"module.json5","path":"/Users/ethylene/Learning/2023Fall/Required/MISE/hw/project/Frontend/Ref/HttpsRequest/entry/src/main/module.json5","type":"file","isSymbolicLink":false,"fileMetaData":{"size":976,"lastModifiedTime":1696578521347}},"/Users/ethylene/Learning/2023Fall/Required/MISE/hw/project/Frontend/Ref/HttpsRequest/entry/.preview/default/intermediates/merge_profile/default/module.json":{"hashValue":"1736b8c94aa14f96fce3197310ae7a8b","name":"module.json","path":"/Users/ethylene/Learning/2023Fall/Required/MISE/hw/project/Frontend/Ref/HttpsRequest/entry/.preview/default/intermediates/merge_profile/default/module.json","type":"file","isSymbolicLink":false,"fileMetaData":{"size":1129,"lastModifiedTime":1701160266813}},"/Users/ethylene/Learning/2023Fall/Required/MISE/hw/project/Frontend/Ref/HttpsRequest/entry/.preview/default/intermediates/loader/default/loader.json":{"hashValue":"48e0c8ecdd2b25b60b4f38d4099e906f","name":"loader.json","path":"/Users/ethylene/Learning/2023Fall/Required/MISE/hw/project/Frontend/Ref/HttpsRequest/entry/.preview/default/intermediates/loader/default/loader.json","type":"file","isSymbolicLink":false,"fileMetaData":{"size":493,"lastModifiedTime":1701160266815}},"/Users/ethylene/Learning/2023Fall/Required/MISE/hw/project/Frontend/Ref/HttpsRequest/entry/.preview/default/intermediates/process_profile/default/module.json":{"hashValue":"75a0d614218350d5e2df18e321208852","name":"module.json","path":"/Users/ethylene/Learning/2023Fall/Required/MISE/hw/project/Frontend/Ref/HttpsRequest/entry/.preview/default/intermediates/process_profile/default/module.json","type":"file","isSymbolicLink":false,"fileMetaData":{"size":1214,"lastModifiedTime":1701160266863}},"{\"commandList\":[\"/Users/ethylene/Library/Huawei/Sdk/openharmony/9/toolchains/restool\",\"-m\",\"entry\",\"-f\",\"-j\",\"/Users/ethylene/Learning/2023Fall/Required/MISE/hw/project/Frontend/Ref/HttpsRequest/entry/.preview/default/intermediates/process_profile/default/module.json\",\"-p\",\"com.example.httpsrequest\",\"-o\",\"/Users/ethylene/Learning/2023Fall/Required/MISE/hw/project/Frontend/Ref/HttpsRequest/entry/.preview/default/intermediates/res/default\",\"-r\",\"/Users/ethylene/Learning/2023Fall/Required/MISE/hw/project/Frontend/Ref/HttpsRequest/entry/.preview/default/generated/r/default/ResourceTable.h\"],\"inputFiles\":{\"_group\":{}},\"outputFiles\":{\"_group\":{}},\"existsResourceDir\":true,\"restoolLinkParamObj\":{\"appScopeResources\":\"/Users/ethylene/Learning/2023Fall/Required/MISE/hw/project/Frontend/Ref/HttpsRequest/AppScope/resources\",\"moduleResourcesMap\":{},\"harResourcesMap\":{},\"outputPath\":\"/Users/ethylene/Learning/2023Fall/Required/MISE/hw/project/Frontend/Ref/HttpsRequest/entry/.preview/default/intermediates/res/default\",\"linkCommand\":[\"/Users/ethylene/Library/Huawei/Sdk/openharmony/9/toolchains/restool\",\"-m\",\"entry\",\"-f\",\"-j\",\"/Users/ethylene/Learning/2023Fall/Required/MISE/hw/project/Frontend/Ref/HttpsRequest/entry/.preview/default/intermediates/process_profile/default/module.json\",\"-p\",\"com.example.httpsrequest\",\"-r\",\"/Users/ethylene/Learning/2023Fall/Required/MISE/hw/project/Frontend/Ref/HttpsRequest/entry/.preview/default/generated/r/default/ResourceTable.h\",\"-z\"]}}":{"hashValue":"","name":"emptyroot","path":"","type":"unknown","isSymbolicLink":false,"children":[]},"/Users/ethylene/Learning/2023Fall/Required/MISE/hw/project/Frontend/Ref/HttpsRequest/entry/src/main/resources":{"hashValue":"b18b9719400e2e534e119c360ac64629","name":"resources","path":"/Users/ethylene/Learning/2023Fall/Required/MISE/hw/project/Frontend/Ref/HttpsRequest/entry/src/main/resources","type":"directory","isSymbolicLink":false,"children":[{"hashValue":"448b29e6f44965ef584c49ae86e8b426","name":"base","path":"/Users/ethylene/Learning/2023Fall/Required/MISE/hw/project/Frontend/Ref/HttpsRequest/entry/src/main/resources/base","type":"directory","isSymbolicLink":false,"children":[{"hashValue":"71c408c9c9c185619f5cbd152731afb7","name":"element","path":"/Users/ethylene/Learning/2023Fall/Required/MISE/hw/project/Frontend/Ref/HttpsRequest/entry/src/main/resources/base/element","type":"directory","isSymbolicLink":false,"children":[{"hashValue":"71c866ef37fccf61fa54a4d5562d4129","name":"color.json","path":"/Users/ethylene/Learning/2023Fall/Required/MISE/hw/project/Frontend/Ref/HttpsRequest/entry/src/main/resources/base/element/color.json","type":"file","isSymbolicLink":false,"fileMetaData":{"size":98,"lastModifiedTime":1696578521347}},{"hashValue":"eb38ac7ceb62bfab2eb5effca0ebe8f6","name":"float.json","path":"/Users/ethylene/Learning/2023Fall/Required/MISE/hw/project/Frontend/Ref/HttpsRequest/entry/src/main/resources/base/element/float.json","type":"file","isSymbolicLink":false,"fileMetaData":{"size":742,"lastModifiedTime":1696578521347}},{"hashValue":"98f3a29b84f3ffd02ed78279e476d05b","name":"string.json","path":"/Users/ethylene/Learning/2023Fall/Required/MISE/hw/project/Frontend/Ref/HttpsRequest/entry/src/main/resources/base/element/string.json","type":"file","isSymbolicLink":false,"fileMetaData":{"size":712,"lastModifiedTime":1696578521348}}]},{"hashValue":"e07e77b0524e47583c86ba4897a94e3c","name":"media","path":"/Users/ethylene/Learning/2023Fall/Required/MISE/hw/project/Frontend/Ref/HttpsRequest/entry/src/main/resources/base/media","type":"directory","isSymbolicLink":false,"children":[{"hashValue":"99be96f258c9591b73eacd9493c0637d","name":"ic_background_image.png","path":"/Users/ethylene/Learning/2023Fall/Required/MISE/hw/project/Frontend/Ref/HttpsRequest/entry/src/main/resources/base/media/ic_background_image.png","type":"file","isSymbolicLink":false,"fileMetaData":{"size":221231,"lastModifiedTime":1696578521349}},{"hashValue":"e0d1f3b8921295d619dbe65a5eae7b3f","name":"ic_network_global.png","path":"/Users/ethylene/Learning/2023Fall/Required/MISE/hw/project/Frontend/Ref/HttpsRequest/entry/src/main/resources/base/media/ic_network_global.png","type":"file","isSymbolicLink":false,"fileMetaData":{"size":907,"lastModifiedTime":1696578521349}},{"hashValue":"5ec639c6efc4b49c846e85f6bc86bd9f","name":"icon.png","path":"/Users/ethylene/Learning/2023Fall/Required/MISE/hw/project/Frontend/Ref/HttpsRequest/entry/src/main/resources/base/media/icon.png","type":"file","isSymbolicLink":false,"fileMetaData":{"size":6790,"lastModifiedTime":1696578521349}}]},{"hashValue":"77c17bcdc3e216be51fa58e66faef614","name":"profile","path":"/Users/ethylene/Learning/2023Fall/Required/MISE/hw/project/Frontend/Ref/HttpsRequest/entry/src/main/resources/base/profile","type":"directory","isSymbolicLink":false,"children":[{"hashValue":"9ef63c1e4ae5c0dae5864e8c563758c8","name":"main_pages.json","path":"/Users/ethylene/Learning/2023Fall/Required/MISE/hw/project/Frontend/Ref/HttpsRequest/entry/src/main/resources/base/profile/main_pages.json","type":"file","isSymbolicLink":false,"fileMetaData":{"size":39,"lastModifiedTime":1696578521349}}]}]},{"hashValue":"bed3f99350709ad94b9b3eaf6379dc8d","name":"en_US","path":"/Users/ethylene/Learning/2023Fall/Required/MISE/hw/project/Frontend/Ref/HttpsRequest/entry/src/main/resources/en_US","type":"directory","isSymbolicLink":false,"children":[{"hashValue":"6c1a70dfc79996c93c18fb41163b4393","name":"element","path":"/Users/ethylene/Learning/2023Fall/Required/MISE/hw/project/Frontend/Ref/HttpsRequest/entry/src/main/resources/en_US/element","type":"directory","isSymbolicLink":false,"children":[{"hashValue":"bf6b1863e060958d714fa0b43e78c70f","name":"string.json","path":"/Users/ethylene/Learning/2023Fall/Required/MISE/hw/project/Frontend/Ref/HttpsRequest/entry/src/main/resources/en_US/element/string.json","type":"file","isSymbolicLink":false,"fileMetaData":{"size":712,"lastModifiedTime":1696578521349}}]}]},{"hashValue":"e6be3fca101cb1b6e53589dbf3dbc49b","name":"zh_CN","path":"/Users/ethylene/Learning/2023Fall/Required/MISE/hw/project/Frontend/Ref/HttpsRequest/entry/src/main/resources/zh_CN","type":"directory","isSymbolicLink":false,"children":[{"hashValue":"9b089b249aeeb28f60042303fb31b82c","name":"element","path":"/Users/ethylene/Learning/2023Fall/Required/MISE/hw/project/Frontend/Ref/HttpsRequest/entry/src/main/resources/zh_CN/element","type":"directory","isSymbolicLink":false,"children":[{"hashValue":"65c5bd06cc42a97c97ab9f635d9b8357","name":"string.json","path":"/Users/ethylene/Learning/2023Fall/Required/MISE/hw/project/Frontend/Ref/HttpsRequest/entry/src/main/resources/zh_CN/element/string.json","type":"file","isSymbolicLink":false,"fileMetaData":{"size":676,"lastModifiedTime":1696578521349}}]}]}]},"/Users/ethylene/Learning/2023Fall/Required/MISE/hw/project/Frontend/Ref/HttpsRequest/AppScope/resources":{"hashValue":"b2eb430caf7a2210a56ee307283ae68a","name":"resources","path":"/Users/ethylene/Learning/2023Fall/Required/MISE/hw/project/Frontend/Ref/HttpsRequest/AppScope/resources","type":"directory","isSymbolicLink":false,"children":[{"hashValue":"516d055fbb3e4d758c3ccdd68cde0cb2","name":"base","path":"/Users/ethylene/Learning/2023Fall/Required/MISE/hw/project/Frontend/Ref/HttpsRequest/AppScope/resources/base","type":"directory","isSymbolicLink":false,"children":[{"hashValue":"84e4c17e4de6e525ff56432f3064494d","name":"element","path":"/Users/ethylene/Learning/2023Fall/Required/MISE/hw/project/Frontend/Ref/HttpsRequest/AppScope/resources/base/element","type":"directory","isSymbolicLink":false,"children":[{"hashValue":"eb3a4229f1343e3733e612130beb42c3","name":"string.json","path":"/Users/ethylene/Learning/2023Fall/Required/MISE/hw/project/Frontend/Ref/HttpsRequest/AppScope/resources/base/element/string.json","type":"file","isSymbolicLink":false,"fileMetaData":{"size":90,"lastModifiedTime":1696578521346}}]},{"hashValue":"7558c576d20d38718337041eece73761","name":"media","path":"/Users/ethylene/Learning/2023Fall/Required/MISE/hw/project/Frontend/Ref/HttpsRequest/AppScope/resources/base/media","type":"directory","isSymbolicLink":false,"children":[{"hashValue":"031b9a6d445047ad5d7abe1417e355fc","name":"app_icon.png","path":"/Users/ethylene/Learning/2023Fall/Required/MISE/hw/project/Frontend/Ref/HttpsRequest/AppScope/resources/base/media/app_icon.png","type":"file","isSymbolicLink":false,"fileMetaData":{"size":6790,"lastModifiedTime":1696578521346}}]}]}]},"/Users/ethylene/Learning/2023Fall/Required/MISE/hw/project/Frontend/Ref/HttpsRequest/entry/.preview/default/intermediates/res/default":{"hashValue":"ba993a30e09465b48f156d7cb79ee88c","name":"default","path":"/Users/ethylene/Learning/2023Fall/Required/MISE/hw/project/Frontend/Ref/HttpsRequest/entry/.preview/default/intermediates/res/default","type":"directory","isSymbolicLink":false,"children":[{"hashValue":"8a178a1c8a65d2f582a8984f898b3604","name":"app_compiled","path":"/Users/ethylene/Learning/2023Fall/Required/MISE/hw/project/Frontend/Ref/HttpsRequest/entry/.preview/default/intermediates/res/default/app_compiled","type":"directory","isSymbolicLink":false,"children":[{"hashValue":"6e8f7cd1e0dcd991e5439fc3410ee26f","name":"16059203045885335258","path":"/Users/ethylene/Learning/2023Fall/Required/MISE/hw/project/Frontend/Ref/HttpsRequest/entry/.preview/default/intermediates/res/default/app_compiled/16059203045885335258","type":"file","isSymbolicLink":false,"fileMetaData":{"size":176,"lastModifiedTime":1701160266889}},{"hashValue":"0b45e522137a72efc712cf82558b1eb2","name":"8212659380487784566","path":"/Users/ethylene/Learning/2023Fall/Required/MISE/hw/project/Frontend/Ref/HttpsRequest/entry/.preview/default/intermediates/res/default/app_compiled/8212659380487784566","type":"file","isSymbolicLink":false,"fileMetaData":{"size":294,"lastModifiedTime":1701160266889}}]},{"hashValue":"4b5902424f2042663792630e6db97bcf","name":"module_compiled","path":"/Users/ethylene/Learning/2023Fall/Required/MISE/hw/project/Frontend/Ref/HttpsRequest/entry/.preview/default/intermediates/res/default/module_compiled","type":"directory","isSymbolicLink":false,"children":[{"hashValue":"69921168b8a08b815993869fca610346","name":"1144933020368424263","path":"/Users/ethylene/Learning/2023Fall/Required/MISE/hw/project/Frontend/Ref/HttpsRequest/entry/.preview/default/intermediates/res/default/module_compiled/1144933020368424263","type":"file","isSymbolicLink":false,"fileMetaData":{"size":191,"lastModifiedTime":1701160266893}},{"hashValue":"32a02a1e0aca309697cf985e66b3c042","name":"12363668145088323256","path":"/Users/ethylene/Learning/2023Fall/Required/MISE/hw/project/Frontend/Ref/HttpsRequest/entry/.preview/default/intermediates/res/default/module_compiled/12363668145088323256","type":"file","isSymbolicLink":false,"fileMetaData":{"size":333,"lastModifiedTime":1701160266893}},{"hashValue":"cec70385007344c45cec6aed903d9370","name":"14290884448091647558","path":"/Users/ethylene/Learning/2023Fall/Required/MISE/hw/project/Frontend/Ref/HttpsRequest/entry/.preview/default/intermediates/res/default/module_compiled/14290884448091647558","type":"file","isSymbolicLink":false,"fileMetaData":{"size":1596,"lastModifiedTime":1701160266893}},{"hashValue":"b0a94775aad6b15c1c44cf460c956e1e","name":"15038981431805954142","path":"/Users/ethylene/Learning/2023Fall/Required/MISE/hw/project/Frontend/Ref/HttpsRequest/entry/.preview/default/intermediates/res/default/module_compiled/15038981431805954142","type":"file","isSymbolicLink":false,"fileMetaData":{"size":319,"lastModifiedTime":1701160266893}},{"hashValue":"9e9ef9d0f3d871dcb184cd98d88d71b5","name":"17811944134730044241","path":"/Users/ethylene/Learning/2023Fall/Required/MISE/hw/project/Frontend/Ref/HttpsRequest/entry/.preview/default/intermediates/res/default/module_compiled/17811944134730044241","type":"file","isSymbolicLink":false,"fileMetaData":{"size":1704,"lastModifiedTime":1701160266893}},{"hashValue":"e9b3cbbef68d5dd33a1ed6e1fb02f484","name":"18111618671179823412","path":"/Users/ethylene/Learning/2023Fall/Required/MISE/hw/project/Frontend/Ref/HttpsRequest/entry/.preview/default/intermediates/res/default/module_compiled/18111618671179823412","type":"file","isSymbolicLink":false,"fileMetaData":{"size":339,"lastModifiedTime":1701160266893}},{"hashValue":"eaa23f1cbb995d97ae4f37bb967c5f12","name":"2529466029503983439","path":"/Users/ethylene/Learning/2023Fall/Required/MISE/hw/project/Frontend/Ref/HttpsRequest/entry/.preview/default/intermediates/res/default/module_compiled/2529466029503983439","type":"file","isSymbolicLink":false,"fileMetaData":{"size":1740,"lastModifiedTime":1701160266893}},{"hashValue":"75cb4dfd1c83b80dd612b99aa91f9b1c","name":"2758140514657930654","path":"/Users/ethylene/Learning/2023Fall/Required/MISE/hw/project/Frontend/Ref/HttpsRequest/entry/.preview/default/intermediates/res/default/module_compiled/2758140514657930654","type":"file","isSymbolicLink":false,"fileMetaData":{"size":294,"lastModifiedTime":1701160266893}},{"hashValue":"6998433caf338024f3729236a8e2cb94","name":"6799786356976949364","path":"/Users/ethylene/Learning/2023Fall/Required/MISE/hw/project/Frontend/Ref/HttpsRequest/entry/.preview/default/intermediates/res/default/module_compiled/6799786356976949364","type":"file","isSymbolicLink":false,"fileMetaData":{"size":1955,"lastModifiedTime":1701160266893}}]},{"hashValue":"dce7c7b52177ccdfc65683908980045a","name":"module.json","path":"/Users/ethylene/Learning/2023Fall/Required/MISE/hw/project/Frontend/Ref/HttpsRequest/entry/.preview/default/intermediates/res/default/module.json","type":"file","isSymbolicLink":false,"fileMetaData":{"size":2159,"lastModifiedTime":1701160266904}},{"hashValue":"c010671a178b1e6fb77f5b40ced044c3","name":"resources","path":"/Users/ethylene/Learning/2023Fall/Required/MISE/hw/project/Frontend/Ref/HttpsRequest/entry/.preview/default/intermediates/res/default/resources","type":"directory","isSymbolicLink":false,"children":[{"hashValue":"e6cdf721ed600d71d89cd6478ed24074","name":"base","path":"/Users/ethylene/Learning/2023Fall/Required/MISE/hw/project/Frontend/Ref/HttpsRequest/entry/.preview/default/intermediates/res/default/resources/base","type":"directory","isSymbolicLink":false,"children":[{"hashValue":"4bbe192f0e5274906223728db8e1b5d7","name":"profile","path":"/Users/ethylene/Learning/2023Fall/Required/MISE/hw/project/Frontend/Ref/HttpsRequest/entry/.preview/default/intermediates/res/default/resources/base/profile","type":"directory","isSymbolicLink":false,"children":[{"hashValue":"0e8442593cf45abbdb98ec51bf4e7664","name":"main_pages.json","path":"/Users/ethylene/Learning/2023Fall/Required/MISE/hw/project/Frontend/Ref/HttpsRequest/entry/.preview/default/intermediates/res/default/resources/base/profile/main_pages.json","type":"file","isSymbolicLink":false,"fileMetaData":{"size":25,"lastModifiedTime":1701160268755}}]}]}]},{"hashValue":"7c9ae6c6d6241b07d08ef3adb04c53fc","name":"resources.index","path":"/Users/ethylene/Learning/2023Fall/Required/MISE/hw/project/Frontend/Ref/HttpsRequest/entry/.preview/default/intermediates/res/default/resources.index","type":"file","isSymbolicLink":false,"fileMetaData":{"size":3156,"lastModifiedTime":1701160266903}},{"hashValue":"cc496cf05e0dc77e90cdb8ad00177154","name":"ResourceTable.txt","path":"/Users/ethylene/Learning/2023Fall/Required/MISE/hw/project/Frontend/Ref/HttpsRequest/entry/.preview/default/intermediates/res/default/ResourceTable.txt","type":"file","isSymbolicLink":false,"fileMetaData":{"size":858,"lastModifiedTime":1701160266904}}]},"/Users/ethylene/Learning/2023Fall/Required/MISE/hw/project/Frontend/Ref/HttpsRequest/entry/.preview/default/generated/r/default/ResourceTable.h":{"hashValue":"366d4508dfee7fc1730ebf2e8bd0289e","name":"ResourceTable.h","path":"/Users/ethylene/Learning/2023Fall/Required/MISE/hw/project/Frontend/Ref/HttpsRequest/entry/.preview/default/generated/r/default/ResourceTable.h","type":"file","isSymbolicLink":false,"fileMetaData":{"size":2006,"lastModifiedTime":1701160266904}},"/Users/ethylene/Learning/2023Fall/Required/MISE/hw/project/Frontend/Ref/HttpsRequest/entry/.preview/default/generated/r/default":{"hashValue":"9f034e9c396d64adb70ae616c75e2cda","name":"default","path":"/Users/ethylene/Learning/2023Fall/Required/MISE/hw/project/Frontend/Ref/HttpsRequest/entry/.preview/default/generated/r/default","type":"directory","isSymbolicLink":false,"children":[{"hashValue":"366d4508dfee7fc1730ebf2e8bd0289e","name":"ResourceTable.h","path":"/Users/ethylene/Learning/2023Fall/Required/MISE/hw/project/Frontend/Ref/HttpsRequest/entry/.preview/default/generated/r/default/ResourceTable.h","type":"file","isSymbolicLink":false,"fileMetaData":{"size":2006,"lastModifiedTime":1701160266904}}]},"/Users/ethylene/Learning/2023Fall/Required/MISE/hw/project/Frontend/Ref/HttpsRequest/entry/.preview/config/buildConfig.json":{"hashValue":"ecb24a0a7a76e184443ac14bec304b08","name":"buildConfig.json","path":"/Users/ethylene/Learning/2023Fall/Required/MISE/hw/project/Frontend/Ref/HttpsRequest/entry/.preview/config/buildConfig.json","type":"file","isSymbolicLink":false,"fileMetaData":{"size":2299,"lastModifiedTime":1701160266610}},"/Users/ethylene/Learning/2023Fall/Required/MISE/hw/project/Frontend/Ref/HttpsRequest/entry/.preview/default/intermediates/res/default/module.json":{"hashValue":"dce7c7b52177ccdfc65683908980045a","name":"module.json","path":"/Users/ethylene/Learning/2023Fall/Required/MISE/hw/project/Frontend/Ref/HttpsRequest/entry/.preview/default/intermediates/res/default/module.json","type":"file","isSymbolicLink":false,"fileMetaData":{"size":2159,"lastModifiedTime":1701160266904}},"/Users/ethylene/Learning/2023Fall/Required/MISE/hw/project/Frontend/Ref/HttpsRequest/entry/.preview/default/intermediates/res/default/resources/base/profile/main_pages.json":{"hashValue":"0e8442593cf45abbdb98ec51bf4e7664","name":"main_pages.json","path":"/Users/ethylene/Learning/2023Fall/Required/MISE/hw/project/Frontend/Ref/HttpsRequest/entry/.preview/default/intermediates/res/default/resources/base/profile/main_pages.json","type":"file","isSymbolicLink":false,"fileMetaData":{"size":25,"lastModifiedTime":1701160268755}},"/Users/ethylene/Learning/2023Fall/Required/MISE/hw/project/Frontend/Ref/HttpsRequest/entry/.preview/default/intermediates/loader/default":{"hashValue":"68caecfedd6d0b7174f9b28a816d5679","name":"default","path":"/Users/ethylene/Learning/2023Fall/Required/MISE/hw/project/Frontend/Ref/HttpsRequest/entry/.preview/default/intermediates/loader/default","type":"directory","isSymbolicLink":false,"children":[{"hashValue":"48e0c8ecdd2b25b60b4f38d4099e906f","name":"loader.json","path":"/Users/ethylene/Learning/2023Fall/Required/MISE/hw/project/Frontend/Ref/HttpsRequest/entry/.preview/default/intermediates/loader/default/loader.json","type":"file","isSymbolicLink":false,"fileMetaData":{"size":493,"lastModifiedTime":1701160266815}}]},"/Users/ethylene/Learning/2023Fall/Required/MISE/hw/project/Frontend/Ref/HttpsRequest/entry/.preview/default/intermediates/res/default/ResourceTable.txt":{"hashValue":"cc496cf05e0dc77e90cdb8ad00177154","name":"ResourceTable.txt","path":"/Users/ethylene/Learning/2023Fall/Required/MISE/hw/project/Frontend/Ref/HttpsRequest/entry/.preview/default/intermediates/res/default/ResourceTable.txt","type":"file","isSymbolicLink":false,"fileMetaData":{"size":858,"lastModifiedTime":1701160266904}},"/Users/ethylene/Learning/2023Fall/Required/MISE/hw/project/Frontend/Ref/HttpsRequest/entry/.preview/default/intermediates/res/default/resources/base/profile":{"hashValue":"4bbe192f0e5274906223728db8e1b5d7","name":"profile","path":"/Users/ethylene/Learning/2023Fall/Required/MISE/hw/project/Frontend/Ref/HttpsRequest/entry/.preview/default/intermediates/res/default/resources/base/profile","type":"directory","isSymbolicLink":false,"children":[{"hashValue":"0e8442593cf45abbdb98ec51bf4e7664","name":"main_pages.json","path":"/Users/ethylene/Learning/2023Fall/Required/MISE/hw/project/Frontend/Ref/HttpsRequest/entry/.preview/default/intermediates/res/default/resources/base/profile/main_pages.json","type":"file","isSymbolicLink":false,"fileMetaData":{"size":25,"lastModifiedTime":1701160268755}}]},"/Users/ethylene/Learning/2023Fall/Required/MISE/hw/project/Frontend/Ref/HttpsRequest/entry/src/main/ets":{"hashValue":"06c0d88dcd7a2abd7ec33283e5ec22ee","name":"ets","path":"/Users/ethylene/Learning/2023Fall/Required/MISE/hw/project/Frontend/Ref/HttpsRequest/entry/src/main/ets","type":"directory","isSymbolicLink":false,"children":[{"hashValue":"efba80710f1290ec8d62784c260d28e8","name":"common","path":"/Users/ethylene/Learning/2023Fall/Required/MISE/hw/project/Frontend/Ref/HttpsRequest/entry/src/main/ets/common","type":"directory","isSymbolicLink":false,"children":[{"hashValue":"ab78b1500d4196385d80d376d78ee80f","name":"constant","path":"/Users/ethylene/Learning/2023Fall/Required/MISE/hw/project/Frontend/Ref/HttpsRequest/entry/src/main/ets/common/constant","type":"directory","isSymbolicLink":false,"children":[{"hashValue":"14a5c70277c92e0fd9c199b95457e39a","name":"CommonConstants.ets","path":"/Users/ethylene/Learning/2023Fall/Required/MISE/hw/project/Frontend/Ref/HttpsRequest/entry/src/main/ets/common/constant/CommonConstants.ets","type":"file","isSymbolicLink":false,"fileMetaData":{"size":1017,"lastModifiedTime":1696578521347}},{"hashValue":"cdc8c0fc07a4a61f66c09ecfb15daee0","name":"StyleConstant.ets","path":"/Users/ethylene/Learning/2023Fall/Required/MISE/hw/project/Frontend/Ref/HttpsRequest/entry/src/main/ets/common/constant/StyleConstant.ets","type":"file","isSymbolicLink":false,"fileMetaData":{"size":967,"lastModifiedTime":1696578521347}}]},{"hashValue":"f58f3738510e7d989ce287202b65d19f","name":"utils","path":"/Users/ethylene/Learning/2023Fall/Required/MISE/hw/project/Frontend/Ref/HttpsRequest/entry/src/main/ets/common/utils","type":"directory","isSymbolicLink":false,"children":[{"hashValue":"a1320ca9e50fb02898a294a17d37c0dc","name":"HttpUtil.ets","path":"/Users/ethylene/Learning/2023Fall/Required/MISE/hw/project/Frontend/Ref/HttpsRequest/entry/src/main/ets/common/utils/HttpUtil.ets","type":"file","isSymbolicLink":false,"fileMetaData":{"size":1275,"lastModifiedTime":1696578521347}},{"hashValue":"d4e633805bcdd45e0b5553ecae6e46d8","name":"Logger.ets","path":"/Users/ethylene/Learning/2023Fall/Required/MISE/hw/project/Frontend/Ref/HttpsRequest/entry/src/main/ets/common/utils/Logger.ets","type":"file","isSymbolicLink":false,"fileMetaData":{"size":1530,"lastModifiedTime":1696578521347}}]}]},{"hashValue":"377048e3968877f76da5718acb9aa114","name":"entryability","path":"/Users/ethylene/Learning/2023Fall/Required/MISE/hw/project/Frontend/Ref/HttpsRequest/entry/src/main/ets/entryability","type":"directory","isSymbolicLink":false,"children":[{"hashValue":"289f73fbbb6294ec3f1f16b8fdaf67f5","name":"EntryAbility.ts","path":"/Users/ethylene/Learning/2023Fall/Required/MISE/hw/project/Frontend/Ref/HttpsRequest/entry/src/main/ets/entryability/EntryAbility.ts","type":"file","isSymbolicLink":false,"fileMetaData":{"size":2211,"lastModifiedTime":1696578521347}}]},{"hashValue":"72324c8007270e60bfe2452b2dcb6a94","name":"pages","path":"/Users/ethylene/Learning/2023Fall/Required/MISE/hw/project/Frontend/Ref/HttpsRequest/entry/src/main/ets/pages","type":"directory","isSymbolicLink":false,"children":[{"hashValue":"13f4642c6e5bf1e4084f570ef0df3e20","name":"WebPage.ets","path":"/Users/ethylene/Learning/2023Fall/Required/MISE/hw/project/Frontend/Ref/HttpsRequest/entry/src/main/ets/pages/WebPage.ets","type":"file","isSymbolicLink":false,"fileMetaData":{"size":3567,"lastModifiedTime":1696578521347}}]}]},"/Users/ethylene/Learning/2023Fall/Required/MISE/hw/project/Frontend/Ref/HttpsRequest/entry/.preview/default/intermediates/loader_out/default/ets":{"hashValue":"","name":"emptyroot","path":"","type":"unknown","isSymbolicLink":false,"children":[]}}