{":HttpsRequest:entry:default@PreBuild":{"_inputs":[{"dataType":"ValueEntry","value":"{\"_name\":\"compileApiVersion\",\"_value\":9,\"_valueType\":\"number\"}"},{"dataType":"ValueEntry","value":"{\"_name\":\"compatibleApiVersion\",\"_value\":9,\"_valueType\":\"number\"}"},{"dataType":"ValueEntry","value":"{\"_name\":\"targetStatusCode\",\"_value\":2,\"_valueType\":\"number\"}"},{"dataType":"ValueEntry","value":"{\"_name\":\"apiType\",\"_value\":\"stageMode\",\"_valueType\":\"string\"}"},{"dataType":"ValueEntry","value":"{\"_name\":\"deviceType\",\"_value\":[\"phone\"],\"_valueType\":\"object\"}"},{"dataType":"ValueEntry","value":"{\"_name\":\"codeType\",\"_value\":true,\"_valueType\":\"boolean\"}"},{"dataType":"ValueEntry","value":"{\"_name\":\"sdkToolchainsComponentVersion\",\"_value\":\"3.2.12.5\",\"_valueType\":\"string\"}"},{"dataType":"ValueEntry","value":"{\"_name\":\"profileModuleName\",\"_value\":\"entry\",\"_valueType\":\"string\"}"},{"dataType":"ValueEntry","value":"{\"_name\":\"isSupportOhpmProj\",\"_value\":true,\"_valueType\":\"boolean\"}"},{"dataType":"ValueEntry","value":"{\"_name\":\"BUILTIN_TASK_COMMAND\",\"_value\":\"\",\"_valueType\":\"string\"}"},{"dataType":"ValueEntry","value":"{\"_name\":\"BUILTIN_TASK_TOOLCHAIN\",\"_value\":\"\",\"_valueType\":\"string\"}"},{"dataType":"ValueEntry","value":"{\"_name\":\"BUILTIN_TASK_ENV\",\"_value\":\"\",\"_valueType\":\"string\"}"}],"_successful":true,"_projectName":"HttpsRequest","_moduleName":"entry","_taskName":"default@PreBuild","_key":":HttpsRequest:entry:default@PreBuild","_executionId":":HttpsRequest:entry:default@PreBuild:1701160266752","_inputFiles":{"dataType":"Map","value":[["/Users/ethylene/Learning/2023Fall/Required/MISE/hw/project/Frontend/Ref/HttpsRequest/AppScope/app.json5",{"isDirectory":false,"fileSnapShotHashValue":"34f62d08ecf1a4eb6cdcc8c25ed18f01"}],["/Users/ethylene/Learning/2023Fall/Required/MISE/hw/project/Frontend/Ref/HttpsRequest/entry/src/main/module.json5",{"isDirectory":false,"fileSnapShotHashValue":"49b45df9c64db246b123d81903ea4edf"}]]},"_outputFiles":{"dataType":"Map","value":[]}},":HttpsRequest:entry:default@MergeProfile":{"_inputs":[{"dataType":"ValueEntry","value":"{\"_name\":\"targetSdkVersion\",\"_value\":9,\"_valueType\":\"number\"}"},{"dataType":"ValueEntry","value":"{\"_name\":\"compatibleSdkVersion\",\"_value\":9,\"_valueType\":\"number\"}"},{"dataType":"ValueEntry","value":"{\"_name\":\"releaseType\",\"_value\":\"Release\",\"_valueType\":\"string\"}"},{"dataType":"ValueEntry","value":"{\"_name\":\"buildRoot\",\"_value\":\".preview\",\"_valueType\":\"string\"}"},{"dataType":"ValueEntry","value":"{\"_name\":\"isDebug\",\"_value\":true,\"_valueType\":\"boolean\"}"},{"dataType":"ValueEntry","value":"{\"_name\":\"isHarModule\",\"_value\":false,\"_valueType\":\"boolean\"}"},{"dataType":"ValueEntry","value":"{\"_name\":\"multiProjects\",\"_value\":false,\"_valueType\":\"boolean\"}"},{"dataType":"ValueEntry","value":"{\"_name\":\"asanEnable\",\"_value\":false,\"_valueType\":\"boolean\"}"},{"dataType":"ValueEntry","value":"{\"_name\":\"BUILTIN_TASK_COMMAND\",\"_value\":\"\",\"_valueType\":\"string\"}"},{"dataType":"ValueEntry","value":"{\"_name\":\"BUILTIN_TASK_TOOLCHAIN\",\"_value\":\"\",\"_valueType\":\"string\"}"},{"dataType":"ValueEntry","value":"{\"_name\":\"BUILTIN_TASK_ENV\",\"_value\":\"\",\"_valueType\":\"string\"}"}],"_successful":true,"_projectName":"HttpsRequest","_moduleName":"entry","_taskName":"default@MergeProfile","_key":":HttpsRequest:entry:default@MergeProfile","_executionId":":HttpsRequest:entry:default@MergeProfile:1701160266811","_inputFiles":{"dataType":"Map","value":[["/Users/ethylene/Learning/2023Fall/Required/MISE/hw/project/Frontend/Ref/HttpsRequest/AppScope/app.json5",{"fileSnapShotHashValue":"34f62d08ecf1a4eb6cdcc8c25ed18f01"}],["/Users/ethylene/Learning/2023Fall/Required/MISE/hw/project/Frontend/Ref/HttpsRequest/entry/src/main/module.json5",{"fileSnapShotHashValue":"49b45df9c64db246b123d81903ea4edf"}]]},"_outputFiles":{"dataType":"Map","value":[["/Users/ethylene/Learning/2023Fall/Required/MISE/hw/project/Frontend/Ref/HttpsRequest/entry/.preview/default/intermediates/merge_profile/default/module.json",{"fileSnapShotHashValue":"1736b8c94aa14f96fce3197310ae7a8b"}]]}},":HttpsRequest:entry:default@GenerateLoaderJson":{"_inputs":[{"dataType":"ValueEntry","value":"{\"_name\":\"projectRootPath\",\"_value\":\"/Users/ethylene/Learning/2023Fall/Required/MISE/hw/project/Frontend/Ref/HttpsRequest\",\"_valueType\":\"string\"}"},{"dataType":"ValueEntry","value":"{\"_name\":\"modulePathMap\",\"_value\":\"{\\\"entry\\\":\\\"/Users/ethylene/Learning/2023Fall/Required/MISE/hw/project/Frontend/Ref/HttpsRequest/entry\\\"}\",\"_valueType\":\"string\"}"},{"dataType":"ValueEntry","value":"{\"_name\":\"compileMode\",\"_value\":\"esmodule\",\"_valueType\":\"string\"}"},{"dataType":"ValueEntry","value":"{\"_name\":\"nodeModulesPath\",\"_value\":\"/Users/ethylene/Learning/2023Fall/Required/MISE/hw/project/Frontend/Ref/HttpsRequest/entry/.preview/default/intermediates/loader_out/default/node_modules\",\"_valueType\":\"string\"}"},{"dataType":"ValueEntry","value":"{\"_name\":\"targetConfig\",\"_value\":\"{\\\"name\\\":\\\"default\\\",\\\"runtimeOS\\\":\\\"HarmonyOS\\\"}\",\"_valueType\":\"string\"}"},{"dataType":"ValueEntry","value":"{\"_name\":\"harNameOhmMap\",\"_value\":\"{}\",\"_valueType\":\"string\"}"},{"dataType":"ValueEntry","value":"{\"_name\":\"aotCompileMode\",\"_value\":\"\",\"_valueType\":\"string\"}"},{"dataType":"ValueEntry","value":"{\"_name\":\"apPath\",\"_value\":\"\",\"_valueType\":\"string\"}"},{"dataType":"ValueEntry","value":"{\"_name\":\"BUILTIN_TASK_COMMAND\",\"_value\":\"\",\"_valueType\":\"string\"}"},{"dataType":"ValueEntry","value":"{\"_name\":\"BUILTIN_TASK_TOOLCHAIN\",\"_value\":\"\",\"_valueType\":\"string\"}"},{"dataType":"ValueEntry","value":"{\"_name\":\"BUILTIN_TASK_ENV\",\"_value\":\"\",\"_valueType\":\"string\"}"}],"_successful":true,"_projectName":"HttpsRequest","_moduleName":"entry","_taskName":"default@GenerateLoaderJson","_key":":HttpsRequest:entry:default@GenerateLoaderJson","_executionId":":HttpsRequest:entry:default@GenerateLoaderJson:1701160266814","_inputFiles":{"dataType":"Map","value":[]},"_outputFiles":{"dataType":"Map","value":[["/Users/ethylene/Learning/2023Fall/Required/MISE/hw/project/Frontend/Ref/HttpsRequest/entry/.preview/default/intermediates/loader/default/loader.json",{"isDirectory":false,"fileSnapShotHashValue":"48e0c8ecdd2b25b60b4f38d4099e906f"}]]}},":HttpsRequest:entry:default@ProcessProfile":{"_inputs":[{"dataType":"ValueEntry","value":"{\"_name\":\"arkEnable\",\"_value\":true,\"_valueType\":\"boolean\"}"},{"dataType":"ValueEntry","value":"{\"_name\":\"compileMode\",\"_value\":\"esmodule\",\"_valueType\":\"string\"}"},{"dataType":"ValueEntry","value":"{\"_name\":\"deviceTypes\",\"_value\":[\"phone\"],\"_valueType\":\"object\"}"},{"dataType":"ValueEntry","value":"{\"_name\":\"dependency\",\"_value\":\"[]\",\"_valueType\":\"string\"}"},{"dataType":"ValueEntry","value":"{\"_name\":\"BUILTIN_TASK_COMMAND\",\"_value\":\"\",\"_valueType\":\"string\"}"},{"dataType":"ValueEntry","value":"{\"_name\":\"BUILTIN_TASK_TOOLCHAIN\",\"_value\":\"\",\"_valueType\":\"string\"}"},{"dataType":"ValueEntry","value":"{\"_name\":\"BUILTIN_TASK_ENV\",\"_value\":\"\",\"_valueType\":\"string\"}"}],"_successful":true,"_projectName":"HttpsRequest","_moduleName":"entry","_taskName":"default@ProcessProfile","_key":":HttpsRequest:entry:default@ProcessProfile","_executionId":":HttpsRequest:entry:default@ProcessProfile:1701160266818","_inputFiles":{"dataType":"Map","value":[["/Users/ethylene/Learning/2023Fall/Required/MISE/hw/project/Frontend/Ref/HttpsRequest/entry/.preview/default/intermediates/merge_profile/default/module.json",{"fileSnapShotHashValue":"1736b8c94aa14f96fce3197310ae7a8b"}]]},"_outputFiles":{"dataType":"Map","value":[["/Users/ethylene/Learning/2023Fall/Required/MISE/hw/project/Frontend/Ref/HttpsRequest/entry/.preview/default/intermediates/process_profile/default/module.json",{"fileSnapShotHashValue":"75a0d614218350d5e2df18e321208852"}]]}},":HttpsRequest:entry:default@PreviewProcessResource":{"_inputs":[{"dataType":"ValueEntry","value":"{\"_name\":\"previewCompileResourcesCommand\",\"_value\":\"{\\\"commandList\\\":[\\\"/Users/ethylene/Library/Huawei/Sdk/openharmony/9/toolchains/restool\\\",\\\"-m\\\",\\\"entry\\\",\\\"-f\\\",\\\"-j\\\",\\\"/Users/ethylene/Learning/2023Fall/Required/MISE/hw/project/Frontend/Ref/HttpsRequest/entry/.preview/default/intermediates/process_profile/default/module.json\\\",\\\"-p\\\",\\\"com.example.httpsrequest\\\",\\\"-o\\\",\\\"/Users/ethylene/Learning/2023Fall/Required/MISE/hw/project/Frontend/Ref/HttpsRequest/entry/.preview/default/intermediates/res/default\\\",\\\"-r\\\",\\\"/Users/ethylene/Learning/2023Fall/Required/MISE/hw/project/Frontend/Ref/HttpsRequest/entry/.preview/default/generated/r/default/ResourceTable.h\\\"],\\\"inputFiles\\\":{\\\"_group\\\":{}},\\\"outputFiles\\\":{\\\"_group\\\":{}},\\\"existsResourceDir\\\":true,\\\"restoolLinkParamObj\\\":{\\\"appScopeResources\\\":\\\"/Users/ethylene/Learning/2023Fall/Required/MISE/hw/project/Frontend/Ref/HttpsRequest/AppScope/resources\\\",\\\"moduleResourcesMap\\\":{},\\\"harResourcesMap\\\":{},\\\"outputPath\\\":\\\"/Users/ethylene/Learning/2023Fall/Required/MISE/hw/project/Frontend/Ref/HttpsRequest/entry/.preview/default/intermediates/res/default\\\",\\\"linkCommand\\\":[\\\"/Users/ethylene/Library/Huawei/Sdk/openharmony/9/toolchains/restool\\\",\\\"-m\\\",\\\"entry\\\",\\\"-f\\\",\\\"-j\\\",\\\"/Users/ethylene/Learning/2023Fall/Required/MISE/hw/project/Frontend/Ref/HttpsRequest/entry/.preview/default/intermediates/process_profile/default/module.json\\\",\\\"-p\\\",\\\"com.example.httpsrequest\\\",\\\"-r\\\",\\\"/Users/ethylene/Learning/2023Fall/Required/MISE/hw/project/Frontend/Ref/HttpsRequest/entry/.preview/default/generated/r/default/ResourceTable.h\\\",\\\"-z\\\"]}}\",\"_valueType\":\"string\"}"},{"dataType":"ValueEntry","value":"{\"_name\":\"BUILTIN_TASK_COMMAND\",\"_value\":\"\",\"_valueType\":\"string\"}"},{"dataType":"ValueEntry","value":"{\"_name\":\"BUILTIN_TASK_TOOLCHAIN\",\"_value\":\"\",\"_valueType\":\"string\"}"},{"dataType":"ValueEntry","value":"{\"_name\":\"BUILTIN_TASK_ENV\",\"_value\":\"\",\"_valueType\":\"string\"}"}],"_successful":true,"_projectName":"HttpsRequest","_moduleName":"entry","_taskName":"default@PreviewProcessResource","_key":":HttpsRequest:entry:default@PreviewProcessResource","_executionId":":HttpsRequest:entry:default@PreviewProcessResource:1701160266870","_inputFiles":{"dataType":"Map","value":[]},"_outputFiles":{"dataType":"Map","value":[["{\"commandList\":[\"/Users/ethylene/Library/Huawei/Sdk/openharmony/9/toolchains/restool\",\"-m\",\"entry\",\"-f\",\"-j\",\"/Users/ethylene/Learning/2023Fall/Required/MISE/hw/project/Frontend/Ref/HttpsRequest/entry/.preview/default/intermediates/process_profile/default/module.json\",\"-p\",\"com.example.httpsrequest\",\"-o\",\"/Users/ethylene/Learning/2023Fall/Required/MISE/hw/project/Frontend/Ref/HttpsRequest/entry/.preview/default/intermediates/res/default\",\"-r\",\"/Users/ethylene/Learning/2023Fall/Required/MISE/hw/project/Frontend/Ref/HttpsRequest/entry/.preview/default/generated/r/default/ResourceTable.h\"],\"inputFiles\":{\"_group\":{}},\"outputFiles\":{\"_group\":{}},\"existsResourceDir\":true,\"restoolLinkParamObj\":{\"appScopeResources\":\"/Users/ethylene/Learning/2023Fall/Required/MISE/hw/project/Frontend/Ref/HttpsRequest/AppScope/resources\",\"moduleResourcesMap\":{},\"harResourcesMap\":{},\"outputPath\":\"/Users/ethylene/Learning/2023Fall/Required/MISE/hw/project/Frontend/Ref/HttpsRequest/entry/.preview/default/intermediates/res/default\",\"linkCommand\":[\"/Users/ethylene/Library/Huawei/Sdk/openharmony/9/toolchains/restool\",\"-m\",\"entry\",\"-f\",\"-j\",\"/Users/ethylene/Learning/2023Fall/Required/MISE/hw/project/Frontend/Ref/HttpsRequest/entry/.preview/default/intermediates/process_profile/default/module.json\",\"-p\",\"com.example.httpsrequest\",\"-r\",\"/Users/ethylene/Learning/2023Fall/Required/MISE/hw/project/Frontend/Ref/HttpsRequest/entry/.preview/default/generated/r/default/ResourceTable.h\",\"-z\"]}}",{"isDirectory":false,"fileSnapShotHashValue":""}]]}},":HttpsRequest:entry:default@PreviewCompileResource":{"_inputs":[{"dataType":"ValueEntry","value":"{\"_name\":\"PREVIEWER_REPLACE_PAGE\",\"_valueType\":\"undefined\"}"},{"dataType":"ValueEntry","value":"{\"_name\":\"PREVIEWER_REPLACE_SRCPATH\",\"_valueType\":\"undefined\"}"},{"dataType":"ValueEntry","value":"{\"_name\":\"TARGET_CONFIG\",\"_value\":\"{\\\"name\\\":\\\"default\\\",\\\"runtimeOS\\\":\\\"HarmonyOS\\\"}\",\"_valueType\":\"string\"}"},{"dataType":"ValueEntry","value":"{\"_name\":\"BUILTIN_TASK_COMMAND\",\"_value\":\"\",\"_valueType\":\"string\"}"},{"dataType":"ValueEntry","value":"{\"_name\":\"BUILTIN_TASK_TOOLCHAIN\",\"_value\":\"/Users/ethylene/Library/Huawei/Sdk/openharmony/9/toolchains/restool\",\"_valueType\":\"string\"}"},{"dataType":"ValueEntry","value":"{\"_name\":\"BUILTIN_TASK_ENV\",\"_value\":\"\",\"_valueType\":\"string\"}"}],"_successful":true,"_projectName":"HttpsRequest","_moduleName":"entry","_taskName":"default@PreviewCompileResource","_key":":HttpsRequest:entry:default@PreviewCompileResource","_executionId":":HttpsRequest:entry:default@PreviewCompileResource:1701160266871","_inputFiles":{"dataType":"Map","value":[["/Users/ethylene/Learning/2023Fall/Required/MISE/hw/project/Frontend/Ref/HttpsRequest/entry/src/main/resources",{"fileSnapShotHashValue":"b18b9719400e2e534e119c360ac64629"}],["/Users/ethylene/Learning/2023Fall/Required/MISE/hw/project/Frontend/Ref/HttpsRequest/AppScope/resources",{"fileSnapShotHashValue":"b2eb430caf7a2210a56ee307283ae68a"}],["/Users/ethylene/Learning/2023Fall/Required/MISE/hw/project/Frontend/Ref/HttpsRequest/entry/.preview/default/intermediates/process_profile/default/module.json",{"isDirectory":false,"fileSnapShotHashValue":"75a0d614218350d5e2df18e321208852"}]]},"_outputFiles":{"dataType":"Map","value":[["/Users/ethylene/Learning/2023Fall/Required/MISE/hw/project/Frontend/Ref/HttpsRequest/entry/.preview/default/intermediates/res/default",{"isDirectory":true,"fileSnapShotHashValue":"ba993a30e09465b48f156d7cb79ee88c"}],["/Users/ethylene/Learning/2023Fall/Required/MISE/hw/project/Frontend/Ref/HttpsRequest/entry/.preview/default/generated/r/default/ResourceTable.h",{"isDirectory":false,"fileSnapShotHashValue":"366d4508dfee7fc1730ebf2e8bd0289e"}],["/Users/ethylene/Learning/2023Fall/Required/MISE/hw/project/Frontend/Ref/HttpsRequest/entry/.preview/default/generated/r/default",{"isDirectory":true,"fileSnapShotHashValue":"9f034e9c396d64adb70ae616c75e2cda"}]]}},":HttpsRequest:entry:default@PreviewUpdateAssets":{"_inputs":[{"dataType":"ValueEntry","value":"{\"_name\":\"BUILTIN_TASK_COMMAND\",\"_value\":\"\",\"_valueType\":\"string\"}"},{"dataType":"ValueEntry","value":"{\"_name\":\"BUILTIN_TASK_TOOLCHAIN\",\"_value\":\"\",\"_valueType\":\"string\"}"},{"dataType":"ValueEntry","value":"{\"_name\":\"BUILTIN_TASK_ENV\",\"_value\":\"\",\"_valueType\":\"string\"}"}],"_successful":true,"_projectName":"HttpsRequest","_moduleName":"entry","_taskName":"default@PreviewUpdateAssets","_key":":HttpsRequest:entry:default@PreviewUpdateAssets","_executionId":":HttpsRequest:entry:default@PreviewUpdateAssets:1701160266908","_inputFiles":{"dataType":"Map","value":[["/Users/ethylene/Learning/2023Fall/Required/MISE/hw/project/Frontend/Ref/HttpsRequest/entry/.preview/config/buildConfig.json",{"isDirectory":false,"fileSnapShotHashValue":"ecb24a0a7a76e184443ac14bec304b08"}]]},"_outputFiles":{"dataType":"Map","value":[["/Users/ethylene/Learning/2023Fall/Required/MISE/hw/project/Frontend/Ref/HttpsRequest/entry/.preview/default/intermediates/res/default/module.json",{"isDirectory":false,"fileSnapShotHashValue":"dce7c7b52177ccdfc65683908980045a"}],["/Users/ethylene/Learning/2023Fall/Required/MISE/hw/project/Frontend/Ref/HttpsRequest/entry/.preview/default/intermediates/res/default/resources/base/profile/main_pages.json",{"isDirectory":false,"fileSnapShotHashValue":"0e8442593cf45abbdb98ec51bf4e7664"}]]}},":HttpsRequest:entry:default@PreviewArkTS":{"_inputs":[{"dataType":"ValueEntry","value":"{\"_name\":\"debuggable\",\"_value\":true,\"_valueType\":\"boolean\"}"},{"dataType":"ValueEntry","value":"{\"_name\":\"isArk\",\"_value\":true,\"_valueType\":\"boolean\"}"},{"dataType":"ValueEntry","value":"{\"_name\":\"needCoverageInsert\",\"_value\":false,\"_valueType\":\"boolean\"}"},{"dataType":"ValueEntry","value":"{\"_name\":\"arkTsWdiget\",\"_value\":false,\"_valueType\":\"boolean\"}"},{"dataType":"ValueEntry","value":"{\"_name\":\"BUILTIN_TASK_COMMAND\",\"_value\":\"\",\"_valueType\":\"string\"}"},{"dataType":"ValueEntry","value":"{\"_name\":\"BUILTIN_TASK_TOOLCHAIN\",\"_value\":\"\",\"_valueType\":\"string\"}"},{"dataType":"ValueEntry","value":"{\"_name\":\"BUILTIN_TASK_ENV\",\"_value\":\"\",\"_valueType\":\"string\"}"}],"_successful":true,"_projectName":"HttpsRequest","_moduleName":"entry","_taskName":"default@PreviewArkTS","_key":":HttpsRequest:entry:default@PreviewArkTS","_executionId":":HttpsRequest:entry:default@PreviewArkTS:1701160266909","_inputFiles":{"dataType":"Map","value":[["/Users/ethylene/Learning/2023Fall/Required/MISE/hw/project/Frontend/Ref/HttpsRequest/entry/.preview/default/intermediates/loader/default",{"isDirectory":true,"fileSnapShotHashValue":"68caecfedd6d0b7174f9b28a816d5679"}],["/Users/ethylene/Learning/2023Fall/Required/MISE/hw/project/Frontend/Ref/HttpsRequest/entry/.preview/default/intermediates/res/default/ResourceTable.txt",{"fileSnapShotHashValue":"cc496cf05e0dc77e90cdb8ad00177154"}],["/Users/ethylene/Learning/2023Fall/Required/MISE/hw/project/Frontend/Ref/HttpsRequest/entry/.preview/default/intermediates/res/default/module.json",{"fileSnapShotHashValue":"dce7c7b52177ccdfc65683908980045a"}],["/Users/ethylene/Learning/2023Fall/Required/MISE/hw/project/Frontend/Ref/HttpsRequest/entry/.preview/default/intermediates/res/default/resources/base/profile",{"isDirectory":true,"fileSnapShotHashValue":"4bbe192f0e5274906223728db8e1b5d7"}],["/Users/ethylene/Learning/2023Fall/Required/MISE/hw/project/Frontend/Ref/HttpsRequest/entry/src/main/ets",{"isDirectory":true,"fileSnapShotHashValue":"06c0d88dcd7a2abd7ec33283e5ec22ee"}]]},"_outputFiles":{"dataType":"Map","value":[["/Users/ethylene/Learning/2023Fall/Required/MISE/hw/project/Frontend/Ref/HttpsRequest/entry/.preview/default/intermediates/loader_out/default/ets",{"isDirectory":true,"fileSnapShotHashValue":""}]]}}}